FirstName,Initials,Lastname,Username,Email,Password,OU
Max,MF,Fraser,Max.Fraser,Max.Fraser@microsoftlab.com,MibR406+,"OU=IT,DC=amicrosoftlab,DC=com"
Piers,PB,Bower,Piers.Bower,Piers.Bower@microsoftlab.com,XvwH817+,"OU=IT,DC=amicrosoftlab,DC=com"
Kylie,KD,Davidson,Kylie.Davidson,Kylie.Davidson@microsoftlab.com,MpbO174*,"OU=IT,DC=amicrosoftlab,DC=com"
Richard,RG,Grant,Richard.Grant,Richard.Grant@microsoftlab.com,ZyfK706+,"OU=IT,DC=amicrosoftlab,DC=com"
Boris,BC,Campbell,Boris.Campbell,Boris.Campbell@microsoftlab.com,VieY910+,"OU=IT,DC=amicrosoftlab,DC=com"
Nicholas,NM,Murray,Nicholas.Murray,Nicholas.Murray@microsoftlab.com,GavU656*,"OU=IT,DC=amicrosoftlab,DC=com"
Leonard,LC,Clark,Leonard.Clark,Leonard.Clark@microsoftlab.com,PcmT487*,"OU=IT,DC=amicrosoftlab,DC=com"
Ruth,RD,Dickens,Ruth.Dickens,Ruth.Dickens@microsoftlab.com,YtdP940+,"OU=IT,DC=amicrosoftlab,DC=com"
Jonathan,JF,Fisher,Jonathan.Fisher,Johnathan.Fisher@microsoftlab.com,NtoQ475+,"OU=IT,DC=amicrosoftlab,DC=com"
Grace,GR,Rees,Grace.Rees,Grace.Rees@microsoftlab.com,AhvX467*,"OU=IT,DC=amicrosoftlab,DC=com"
Test1,TT,Test100,Test1.Test100,Test1.Test100@amicrosoftlab.com,MibR406+,"OU=IT,DC=amicrosoftlab,DC=com"
Test2,TT,Test101,Test2.Test101,Test2.Test101@amicrosoftlab.com,XvwH817+,"OU=IT,DC=amicrosoftlab,DC=com"
Test3,TT,Test102,Test3.Test102,Test3.Test102@amicrosoftlab.com,MpbO174*,"OU=IT,DC=amicrosoftlab,DC=com"
Test4,TT,Test103,Test4.Test103,Test4.Test103@amicrosoftlab.com,ZyfK706+,"OU=IT,DC=amicrosoftlab,DC=com"
Test5,TT,Test104,Test5.Test104,Test5.Test104@amicrosoftlab.com,VieY910+,"OU=IT,DC=amicrosoftlab,DC=com"
Test6,TT,Test105,Test6.Test105,Test6.Test105@amicrosoftlab.com,GavU656*,"OU=IT,DC=amicrosoftlab,DC=com"
Test7,TT,Test106,Test7.Test106,Test7.Test106@amicrosoftlab.com,PcmT487*,"OU=IT,DC=amicrosoftlab,DC=com"
Test8,TT,Test107,Test8.Test107,Test8.Test107@amicrosoftlab.com,YtdP940+,"OU=IT,DC=amicrosoftlab,DC=com"
Test9,TT,Test108,Test9.Test108,Test9.Test108@amicrosoftlab.com,NtoQ475+,"OU=IT,DC=amicrosoftlab,DC=com"
Test10,TT,Test109,Test10.Test109,Test10.Test109@amicrosoftlab.com,AhvX467*,"OU=IT,DC=amicrosoftlab,DC=com"
Test11,TT,Test110,Test11.Test110,Test11.Test110@amicrosoftlab.com,MibR406+,"OU=IT,DC=amicrosoftlab,DC=com"
Test12,TT,Test111,Test12.Test111,Test12.Test111@amicrosoftlab.com,XvwH817+,"OU=IT,DC=amicrosoftlab,DC=com"
Test13,TT,Test112,Test13.Test112,Test13.Test112@amicrosoftlab.com,MpbO174*,"OU=IT,DC=amicrosoftlab,DC=com"
Test14,TT,Test113,Test14.Test113,Test14.Test113@amicrosoftlab.com,ZyfK706+,"OU=IT,DC=amicrosoftlab,DC=com"
Test15,TT,Test114,Test15.Test114,Test15.Test114@amicrosoftlab.com,VieY910+,"OU=IT,DC=amicrosoftlab,DC=com"
Test16,TT,Test115,Test16.Test115,Test16.Test115@amicrosoftlab.com,GavU656*,"OU=IT,DC=amicrosoftlab,DC=com"
Test17,TT,Test116,Test17.Test116,Test17.Test116@amicrosoftlab.com,PcmT487*,"OU=IT,DC=amicrosoftlab,DC=com"
Test18,TT,Test117,Test18.Test117,Test18.Test117@amicrosoftlab.com,YtdP940+,"OU=IT,DC=amicrosoftlab,DC=com"
Test19,TT,Test118,Test19.Test118,Test19.Test118@amicrosoftlab.com,NtoQ475+,"OU=IT,DC=amicrosoftlab,DC=com"
Test20,TT,Test119,Test20.Test119,Test20.Test119@amicrosoftlab.com,AhvX467*,"OU=IT,DC=amicrosoftlab,DC=com"
Test21,TT,Test120,Test21.Test120,Test21.Test120@amicrosoftlab.com,MibR406+,"OU=IT,DC=amicrosoftlab,DC=com"
Test22,TT,Test121,Test22.Test121,Test22.Test121@amicrosoftlab.com,XvwH817+,"OU=IT,DC=amicrosoftlab,DC=com"
Test23,TT,Test122,Test23.Test122,Test23.Test122@amicrosoftlab.com,MpbO174*,"OU=IT,DC=amicrosoftlab,DC=com"
Test24,TT,Test123,Test24.Test123,Test24.Test123@amicrosoftlab.com,ZyfK706+,"OU=IT,DC=amicrosoftlab,DC=com"
Test25,TT,Test124,Test25.Test124,Test25.Test124@amicrosoftlab.com,VieY910+,"OU=IT,DC=amicrosoftlab,DC=com"
Test26,TT,Test125,Test26.Test125,Test26.Test125@amicrosoftlab.com,GavU656*,"OU=IT,DC=amicrosoftlab,DC=com"
Test27,TT,Test126,Test27.Test126,Test27.Test126@amicrosoftlab.com,PcmT487*,"OU=IT,DC=amicrosoftlab,DC=com"
Test28,TT,Test127,Test28.Test127,Test28.Test127@amicrosoftlab.com,YtdP940+,"OU=IT,DC=amicrosoftlab,DC=com"
Test29,TT,Test128,Test29.Test128,Test29.Test128@amicrosoftlab.com,NtoQ475+,"OU=IT,DC=amicrosoftlab,DC=com"
Test30,TT,Test129,Test30.Test129,Test30.Test129@amicrosoftlab.com,AhvX467*,"OU=IT,DC=amicrosoftlab,DC=com"
Test31,TT,Test130,Test31.Test130,Test31.Test130@amicrosoftlab.com,MibR406+,"OU=IT,DC=amicrosoftlab,DC=com"
Test32,TT,Test131,Test32.Test131,Test32.Test131@amicrosoftlab.com,XvwH817+,"OU=IT,DC=amicrosoftlab,DC=com"
Test33,TT,Test132,Test33.Test132,Test33.Test132@amicrosoftlab.com,MpbO174*,"OU=IT,DC=amicrosoftlab,DC=com"
Test34,TT,Test133,Test34.Test133,Test34.Test133@amicrosoftlab.com,ZyfK706+,"OU=IT,DC=amicrosoftlab,DC=com"
Test35,TT,Test134,Test35.Test134,Test35.Test134@amicrosoftlab.com,VieY910+,"OU=IT,DC=amicrosoftlab,DC=com"
Test36,TT,Test135,Test36.Test135,Test36.Test135@amicrosoftlab.com,GavU656*,"OU=IT,DC=amicrosoftlab,DC=com"
Test37,TT,Test136,Test37.Test136,Test37.Test136@amicrosoftlab.com,PcmT487*,"OU=IT,DC=amicrosoftlab,DC=com"
Test38,TT,Test137,Test38.Test137,Test38.Test137@amicrosoftlab.com,YtdP940+,"OU=IT,DC=amicrosoftlab,DC=com"
Test39,TT,Test138,Test39.Test138,Test39.Test138@amicrosoftlab.com,NtoQ475+,"OU=IT,DC=amicrosoftlab,DC=com"
Test40,TT,Test139,Test40.Test139,Test40.Test139@amicrosoftlab.com,AhvX467*,"OU=IT,DC=amicrosoftlab,DC=com"
Test41,TT,Test140,Test41.Test140,Test41.Test140@amicrosoftlab.com,MibR406+,"OU=IT,DC=amicrosoftlab,DC=com"
Test42,TT,Test141,Test42.Test141,Test42.Test141@amicrosoftlab.com,XvwH817+,"OU=IT,DC=amicrosoftlab,DC=com"
Test43,TT,Test142,Test43.Test142,Test43.Test142@amicrosoftlab.com,MpbO174*,"OU=IT,DC=amicrosoftlab,DC=com"
Test44,TT,Test143,Test44.Test143,Test44.Test143@amicrosoftlab.com,ZyfK706+,"OU=IT,DC=amicrosoftlab,DC=com"
Test45,TT,Test144,Test45.Test144,Test45.Test144@amicrosoftlab.com,VieY910+,"OU=IT,DC=amicrosoftlab,DC=com"
Test46,TT,Test145,Test46.Test145,Test46.Test145@amicrosoftlab.com,GavU656*,"OU=IT,DC=amicrosoftlab,DC=com"
Test47,TT,Test146,Test47.Test146,Test47.Test146@amicrosoftlab.com,PcmT487*,"OU=IT,DC=amicrosoftlab,DC=com"
Test48,TT,Test147,Test48.Test147,Test48.Test147@amicrosoftlab.com,YtdP940+,"OU=IT,DC=amicrosoftlab,DC=com"
Test49,TT,Test148,Test49.Test148,Test49.Test148@amicrosoftlab.com,NtoQ475+,"OU=IT,DC=amicrosoftlab,DC=com"
Test50,TT,Test149,Test50.Test149,Test50.Test149@amicrosoftlab.com,AhvX467*,"OU=IT,DC=amicrosoftlab,DC=com"
Test51,TT,Test150,Test51.Test150,Test51.Test150@amicrosoftlab.com,MibR406+,"OU=IT,DC=amicrosoftlab,DC=com"
Test52,TT,Test151,Test52.Test151,Test52.Test151@amicrosoftlab.com,XvwH817+,"OU=IT,DC=amicrosoftlab,DC=com"
Test53,TT,Test152,Test53.Test152,Test53.Test152@amicrosoftlab.com,MpbO174*,"OU=IT,DC=amicrosoftlab,DC=com"
Test54,TT,Test153,Test54.Test153,Test54.Test153@amicrosoftlab.com,ZyfK706+,"OU=IT,DC=amicrosoftlab,DC=com"
Test55,TT,Test154,Test55.Test154,Test55.Test154@amicrosoftlab.com,VieY910+,"OU=IT,DC=amicrosoftlab,DC=com"
Test56,TT,Test155,Test56.Test155,Test56.Test155@amicrosoftlab.com,GavU656*,"OU=IT,DC=amicrosoftlab,DC=com"
Test57,TT,Test156,Test57.Test156,Test57.Test156@amicrosoftlab.com,PcmT487*,"OU=IT,DC=amicrosoftlab,DC=com"
Test58,TT,Test157,Test58.Test157,Test58.Test157@amicrosoftlab.com,YtdP940+,"OU=IT,DC=amicrosoftlab,DC=com"
Test59,TT,Test158,Test59.Test158,Test59.Test158@amicrosoftlab.com,NtoQ475+,"OU=IT,DC=amicrosoftlab,DC=com"
Test60,TT,Test159,Test60.Test159,Test60.Test159@amicrosoftlab.com,AhvX467*,"OU=IT,DC=amicrosoftlab,DC=com"
Test61,TT,Test160,Test61.Test160,Test61.Test160@amicrosoftlab.com,MibR406+,"OU=IT,DC=amicrosoftlab,DC=com"
Test62,TT,Test161,Test62.Test161,Test62.Test161@amicrosoftlab.com,XvwH817+,"OU=IT,DC=amicrosoftlab,DC=com"
Test63,TT,Test162,Test63.Test162,Test63.Test162@amicrosoftlab.com,MpbO174*,"OU=IT,DC=amicrosoftlab,DC=com"
Test64,TT,Test163,Test64.Test163,Test64.Test163@amicrosoftlab.com,ZyfK706+,"OU=IT,DC=amicrosoftlab,DC=com"
Test65,TT,Test164,Test65.Test164,Test65.Test164@amicrosoftlab.com,VieY910+,"OU=IT,DC=amicrosoftlab,DC=com"
Test66,TT,Test165,Test66.Test165,Test66.Test165@amicrosoftlab.com,GavU656*,"OU=IT,DC=amicrosoftlab,DC=com"
Test67,TT,Test166,Test67.Test166,Test67.Test166@amicrosoftlab.com,PcmT487*,"OU=IT,DC=amicrosoftlab,DC=com"
Test68,TT,Test167,Test68.Test167,Test68.Test167@amicrosoftlab.com,YtdP940+,"OU=IT,DC=amicrosoftlab,DC=com"
Test69,TT,Test168,Test69.Test168,Test69.Test168@amicrosoftlab.com,NtoQ475+,"OU=IT,DC=amicrosoftlab,DC=com"
Test70,TT,Test169,Test70.Test169,Test70.Test169@amicrosoftlab.com,AhvX467*,"OU=IT,DC=amicrosoftlab,DC=com"
Test71,TT,Test170,Test71.Test170,Test71.Test170@amicrosoftlab.com,MibR406+,"OU=IT,DC=amicrosoftlab,DC=com"
Test72,TT,Test171,Test72.Test171,Test72.Test171@amicrosoftlab.com,XvwH817+,"OU=IT,DC=amicrosoftlab,DC=com"
Test73,TT,Test172,Test73.Test172,Test73.Test172@amicrosoftlab.com,MpbO174*,"OU=IT,DC=amicrosoftlab,DC=com"
Test74,TT,Test173,Test74.Test173,Test74.Test173@amicrosoftlab.com,ZyfK706+,"OU=IT,DC=amicrosoftlab,DC=com"
Test75,TT,Test174,Test75.Test174,Test75.Test174@amicrosoftlab.com,VieY910+,"OU=IT,DC=amicrosoftlab,DC=com"
Test76,TT,Test175,Test76.Test175,Test76.Test175@amicrosoftlab.com,GavU656*,"OU=IT,DC=amicrosoftlab,DC=com"
Test77,TT,Test176,Test77.Test176,Test77.Test176@amicrosoftlab.com,PcmT487*,"OU=IT,DC=amicrosoftlab,DC=com"
Test78,TT,Test177,Test78.Test177,Test78.Test177@amicrosoftlab.com,YtdP940+,"OU=IT,DC=amicrosoftlab,DC=com"
Test79,TT,Test178,Test79.Test178,Test79.Test178@amicrosoftlab.com,NtoQ475+,"OU=IT,DC=amicrosoftlab,DC=com"
Test80,TT,Test179,Test80.Test179,Test80.Test179@amicrosoftlab.com,AhvX467*,"OU=IT,DC=amicrosoftlab,DC=com"
Test81,TT,Test180,Test81.Test180,Test81.Test180@amicrosoftlab.com,MibR406+,"OU=IT,DC=amicrosoftlab,DC=com"
Test82,TT,Test181,Test82.Test181,Test82.Test181@amicrosoftlab.com,XvwH817+,"OU=IT,DC=amicrosoftlab,DC=com"
Test83,TT,Test182,Test83.Test182,Test83.Test182@amicrosoftlab.com,MpbO174*,"OU=IT,DC=amicrosoftlab,DC=com"
Test84,TT,Test183,Test84.Test183,Test84.Test183@amicrosoftlab.com,ZyfK706+,"OU=IT,DC=amicrosoftlab,DC=com"
Test85,TT,Test184,Test85.Test184,Test85.Test184@amicrosoftlab.com,VieY910+,"OU=IT,DC=amicrosoftlab,DC=com"
Test86,TT,Test185,Test86.Test185,Test86.Test185@amicrosoftlab.com,GavU656*,"OU=IT,DC=amicrosoftlab,DC=com"
Test87,TT,Test186,Test87.Test186,Test87.Test186@amicrosoftlab.com,PcmT487*,"OU=IT,DC=amicrosoftlab,DC=com"
Test88,TT,Test187,Test88.Test187,Test88.Test187@amicrosoftlab.com,YtdP940+,"OU=IT,DC=amicrosoftlab,DC=com"
Test89,TT,Test188,Test89.Test188,Test89.Test188@amicrosoftlab.com,NtoQ475+,"OU=IT,DC=amicrosoftlab,DC=com"
Test90,TT,Test189,Test90.Test189,Test90.Test189@amicrosoftlab.com,AhvX467*,"OU=IT,DC=amicrosoftlab,DC=com"
Test91,TT,Test190,Test91.Test190,Test91.Test190@amicrosoftlab.com,MibR406+,"OU=IT,DC=amicrosoftlab,DC=com"
Test92,TT,Test191,Test92.Test191,Test92.Test191@amicrosoftlab.com,XvwH817+,"OU=IT,DC=amicrosoftlab,DC=com"
Test93,TT,Test192,Test93.Test192,Test93.Test192@amicrosoftlab.com,MpbO174*,"OU=IT,DC=amicrosoftlab,DC=com"
Test94,TT,Test193,Test94.Test193,Test94.Test193@amicrosoftlab.com,ZyfK706+,"OU=IT,DC=amicrosoftlab,DC=com"
Test95,TT,Test194,Test95.Test194,Test95.Test194@amicrosoftlab.com,VieY910+,"OU=IT,DC=amicrosoftlab,DC=com"
Test96,TT,Test195,Test96.Test195,Test96.Test195@amicrosoftlab.com,GavU656*,"OU=IT,DC=amicrosoftlab,DC=com"
Test97,TT,Test196,Test97.Test196,Test97.Test196@amicrosoftlab.com,PcmT487*,"OU=IT,DC=amicrosoftlab,DC=com"
Test98,TT,Test197,Test98.Test197,Test98.Test197@amicrosoftlab.com,YtdP940+,"OU=IT,DC=amicrosoftlab,DC=com"
Test99,TT,Test198,Test99.Test198,Test99.Test198@amicrosoftlab.com,NtoQ475+,"OU=IT,DC=amicrosoftlab,DC=com"
Test100,TT,Test199,Test100.Test199,Test100.Test199@amicrosoftlab.com,NtoQ475+,"OU=IT,DC=amicrosoftlab,DC=com"
